SoftwareName,Version,Publisher,InstallPath,InstallDate,LastModifiedDate,AppStartTime,ScanSource,DetectedLicenseType,LicenseName,ConfidenceLevel,IsVerified,EvidenceCount,Notes,PluginId,ScannedAtUtc
"AntiCheatExpert","28.0.2604.938","Unknown Publisher","C:\Program Files\AntiCheatExpert","","2026/06/08 01:59:03 UTC","","WindowsRegistryScanner (LocalMachine/Registry64)","Freeware","Proprietary Anti-Cheat / Security Driver EULA","Verified","True",1,"Verifies system integrity enforcement drivers and anti-tamper security platforms.","std.security.anticheat","2026/07/16 16:43:32 VN Time (UTC+7)"
"Armoury Crate Service","6.5.7.0","ASUSTeK COMPUTER INC.","","2025/12/14","","","WindowsRegistryScanner (LocalMachine/Registry64)","Freeware","Hardware Companion / OEM Bundled Software License","Medium","False",1,"Identifies motherboard, RGB lighting, peripheral control, and desktop utilities.","std.hardware.oem","2026/07/16 16:43:32 VN Time (UTC+7)"
"Docker Desktop","4.66.0","Docker Inc.","C:\Program Files\Docker\Docker","","2026/03/24 10:44:05 UTC","","WindowsRegistryScanner (LocalMachine/Registry64)","Commercial","Docker Desktop Commercial / Subscription License","High","True",1,"Verified via local Docker resources LICENSE file checks.","std.docker.desktop","2026/07/16 16:43:32 VN Time (UTC+7)"
"Docker Desktop","4.66.0","Docker Inc.","C:\Program Files\Docker\Docker","","2026/03/24 10:44:05 UTC","","WindowsRegistryScanner (LocalMachine/Registry64)","OpenSource","Open Source License (Heuristic)","Medium","False",1,"Evaluated via open source artifact and keyword matching. Verified: False.","std.opensource.artifact","2026/07/16 16:43:32 VN Time (UTC+7)"
"Git","2.54.0","The Git Development Community","C:\Program Files\Git\","2026/06/05","2026/04/20 10:51:22 UTC","","WindowsRegistryScanner (LocalMachine/Registry64)","OpenSource","GNU General Public License (GPL)","Verified","True",1,"Verified via Git distribution directory COPYING/LICENSE.txt checks.","std.git.opensource","2026/07/16 16:43:32 VN Time (UTC+7)"
"Git","2.54.0","The Git Development Community","C:\Program Files\Git\","2026/06/05","2026/04/20 10:51:22 UTC","","WindowsRegistryScanner (LocalMachine/Registry64)","OpenSource","GNU General Public License (GPL)","Verified","True",1,"Evaluated via open source artifact and keyword matching. Verified: True.","std.opensource.artifact","2026/07/16 16:43:32 VN Time (UTC+7)"
"GDR 1170 for SQL Server 2022 (KB5077465) (64-bit)","16.0.1170.5","Microsoft Corporation","","2026/04/18","","","WindowsRegistryScanner (LocalMachine/Registry64)","Commercial","Microsoft SQL Server Commercial License","Medium","False",1,"Verified via SQL Server engine binary presence and edition naming.","std.microsoft.sqlserver","2026/07/16 16:43:32 VN Time (UTC+7)"
"GDR 1175 for SQL Server 2022 (KB5084815) (64-bit)","16.0.1175.1","Microsoft Corporation","","2026/05/14","","","WindowsRegistryScanner (LocalMachine/Registry64)","Commercial","Microsoft SQL Server Commercial License","Medium","False",1,"Verified via SQL Server engine binary presence and edition naming.","std.microsoft.sqlserver","2026/07/16 16:43:32 VN Time (UTC+7)"
"GDR 1180 for SQL Server 2022 (KB5091158) (64-bit)","16.0.1180.1","Microsoft Corporation","","2026/05/16","","","WindowsRegistryScanner (LocalMachine/Registry64)","Commercial","Microsoft SQL Server Commercial License","Medium","False",1,"Verified via SQL Server engine binary presence and edition naming.","std.microsoft.sqlserver","2026/07/16 16:43:32 VN Time (UTC+7)"
"Microsoft SQL Server 2022 (64-bit)","Unknown","Microsoft Corporation","","","","","WindowsRegistryScanner (LocalMachine/Registry64)","Commercial","Microsoft SQL Server Commercial License","Medium","False",1,"Verified via SQL Server engine binary presence and edition naming.","std.microsoft.sqlserver","2026/07/16 16:43:32 VN Time (UTC+7)"
"Microsoft OneDrive","26.113.0614.0004","Microsoft Corporation","C:\Program Files\Microsoft OneDrive","2025/12/27","2026/07/11 12:08:23 VN Time (UTC+7)","2026/07/16 09:52:33 VN Time (UTC+7)","WindowsRegistryScanner (LocalMachine/Registry64) + DeepFileSystem (RAM: OneDrive.exe | Original: OneDrive.exe)","Freeware","Client Application / Service Terms of Use","High","True",1,"Verifies desktop messaging, cloud synchronization, and remote assistance client tools.","std.comm.collaborate","2026/07/16 16:43:32 VN Time (UTC+7)"
"Riot Vanguard","Unknown","Riot Games, Inc.","C:\Program Files\Riot Vanguard","1780458889","2026/07/13 07:00:18 UTC","","WindowsRegistryScanner (LocalMachine/Registry64)","Freeware","Proprietary Anti-Cheat / Security Driver EULA","Verified","True",1,"Verifies system integrity enforcement drivers and anti-tamper security platforms.","std.security.anticheat","2026/07/16 16:43:32 VN Time (UTC+7)"
"Riot Vanguard","Unknown","Riot Games, Inc.","C:\Program Files\Riot Vanguard","1780458889","2026/07/13 07:00:18 UTC","","WindowsRegistryScanner (LocalMachine/Registry64)","Freeware","Game Client / Launcher EULA","Medium","False",1,"Analyzes digital distribution clients, launchers, and licensed entertainment software.","std.gaming.ecosystem","2026/07/16 16:43:32 VN Time (UTC+7)"
"Palworld","Unknown","Pocketpair","E:\steam\steamapps\common\Palworld","","2026/07/15 09:08:51 UTC","","WindowsRegistryScanner (LocalMachine/Registry64)","Commercial","Commercial Digital Game License (Steam / Epic / Store)","Medium","False",1,"Analyzes digital distribution clients, launchers, and licensed entertainment software.","std.gaming.ecosystem","2026/07/16 16:43:32 VN Time (UTC+7)"
"OBS Studio","Unknown","OBS Project","E:\steam\steamapps\common\OBS Studio","","2026/07/10 13:28:06 UTC","","WindowsRegistryScanner (LocalMachine/Registry64)","OpenSource","GNU General Public License v2.0 (GPL-2.0)","Verified","True",1,"Identified OBS Studio open source video recording package.","std.obs.studio","2026/07/16 16:43:32 VN Time (UTC+7)"
"Source SDK Base 2007","Unknown","Valve","","","","","WindowsRegistryScanner (LocalMachine/Registry64)","Freeware","Game Client / Launcher EULA","Medium","False",1,"Analyzes digital distribution clients, launchers, and licensed entertainment software.","std.gaming.ecosystem","2026/07/16 16:43:32 VN Time (UTC+7)"
"Cities: Skylines","Unknown","Colossal Order","E:\SteamLibrary\steamapps\common\Cities_Skylines","","","","WindowsRegistryScanner (LocalMachine/Registry64)","Commercial","Commercial Digital Game License (Steam / Epic / Store)","Medium","False",1,"Analyzes digital distribution clients, launchers, and licensed entertainment software.","std.gaming.ecosystem","2026/07/16 16:43:32 VN Time (UTC+7)"
"Grand Theft Auto V Legacy","Unknown","Rockstar North","E:\steam\steamapps\common\Grand Theft Auto V","","2026/07/14 14:40:32 UTC","","WindowsRegistryScanner (LocalMachine/Registry64)","Commercial","Commercial Digital Game License (Steam / Epic / Store)","Medium","False",1,"Analyzes digital distribution clients, launchers, and licensed entertainment software.","std.gaming.ecosystem","2026/07/16 16:43:32 VN Time (UTC+7)"
"Sid Meier's Civilization VI","Unknown","Firaxis Games","E:\steam\steamapps\common\Sid Meier's Civilization VI","","2026/05/24 14:25:28 UTC","","WindowsRegistryScanner (LocalMachine/Registry64)","Commercial","Commercial Digital Game License (Steam / Epic / Store)","Medium","False",1,"Analyzes digital distribution clients, launchers, and licensed entertainment software.","std.gaming.ecosystem","2026/07/16 16:43:32 VN Time (UTC+7)"
"Stardew Valley","Unknown","ConcernedApe","E:\steam\steamapps\common\Stardew Valley","","2026/05/24 10:21:32 UTC","","WindowsRegistryScanner (LocalMachine/Registry64)","Commercial","Commercial Digital Game License (Steam / Epic / Store)","High","True",1,"Analyzes digital distribution clients, launchers, and licensed entertainment software.","std.gaming.ecosystem","2026/07/16 16:43:32 VN Time (UTC+7)"
"Wallpaper Engine","Unknown","Wallpaper Engine Team","E:\steam\steamapps\common\wallpaper_engine","","2026/06/30 17:13:23 UTC","","WindowsRegistryScanner (LocalMachine/Registry64)","Commercial","Commercial Desktop / Utility License","High","True",1,"Identifies motherboard, RGB lighting, peripheral control, and desktop utilities.","std.hardware.oem","2026/07/16 16:43:32 VN Time (UTC+7)"
"Counter-Strike 2","Unknown","Valve","E:\SteamLibrary\steamapps\common\Counter-Strike Global Offensive","","","","WindowsRegistryScanner (LocalMachine/Registry64)","Commercial","Commercial Digital Game License (Steam / Epic / Store)","Medium","False",1,"Analyzes digital distribution clients, launchers, and licensed entertainment software.","std.gaming.ecosystem","2026/07/16 16:43:32 VN Time (UTC+7)"
"Green Hell","Unknown","Creepy Jar","E:\steam\steamapps\common\Green Hell","","2026/06/06 05:20:51 UTC","","WindowsRegistryScanner (LocalMachine/Registry64)","Commercial","Commercial Digital Game License (Steam / Epic / Store)","Medium","False",1,"Analyzes digital distribution clients, launchers, and licensed entertainment software.","std.gaming.ecosystem","2026/07/16 16:43:32 VN Time (UTC+7)"
"TablePlus 26.6.0","26.6.0","TablePlus, Inc","C:\Program Files\TablePlus\","2026/07/09","2026/07/08 05:05:32 UTC","","WindowsRegistryScanner (LocalMachine/Registry64)","Commercial","TablePlus Commercial Device License","High","True",1,"Identified TablePlus installation requiring commercial license key.","std.tableplus.client","2026/07/16 16:43:32 VN Time (UTC+7)"
"Unity 2022.3.62f3","2022.3.62f3","Unity Technologies ApS","","","","","WindowsRegistryScanner (LocalMachine/Registry64)","Commercial","Unity Pro / Enterprise Commercial Seat License","Medium","False",1,"Flagged Unity development seat for revenue/funding limit audit.","std.unity.engine","2026/07/16 16:43:32 VN Time (UTC+7)"
"Unity 6000.2.10f1","6000.2.10f1","Unity Technologies ApS","","","","","WindowsRegistryScanner (LocalMachine/Registry64)","Commercial","Unity Pro / Enterprise Commercial Seat License","Medium","False",1,"Flagged Unity development seat for revenue/funding limit audit.","std.unity.engine","2026/07/16 16:43:32 VN Time (UTC+7)"
"Unity 6000.3.1f1","6000.3.1f1","Unity Technologies ApS","","","","","WindowsRegistryScanner (LocalMachine/Registry64)","Commercial","Unity Pro / Enterprise Commercial Seat License","Medium","False",1,"Flagged Unity development seat for revenue/funding limit audit.","std.unity.engine","2026/07/16 16:43:32 VN Time (UTC+7)"
"Unity Hub 3.17.3","3.17.3","Unity Technologies Inc.","","","","","WindowsRegistryScanner (LocalMachine/Registry64)","Commercial","Unity Pro / Enterprise Commercial Seat License","Medium","False",1,"Flagged Unity development seat for revenue/funding limit audit.","std.unity.engine","2026/07/16 16:43:32 VN Time (UTC+7)"
"Microsoft GameInput","3.3.221.0","Microsoft Corporation","","2026/05/20","","","WindowsRegistryScanner (LocalMachine/Registry64)","Freeware","Freeware / Browser Terms of Service","Medium","False",1,"Identifies web navigation clients, open source database tools, and desktop input utilities.","std.browsers.tools","2026/07/16 16:43:32 VN Time (UTC+7)"
"Node.js","24.14.1","Node.js Foundation","C:\Program Files\nodejs","2026/04/16","2026/03/24 02:46:18 VN Time (UTC+7)","2026/07/16 13:04:20 VN Time (UTC+7)","WindowsRegistryScanner (LocalMachine/Registry64) + DeepFileSystem (RAM: node.exe | Original: node.exe)","OpenSource","MIT License","High","True",1,"Verified via Node.js local distribution directory LICENSE checks.","std.nodejs.runtime","2026/07/16 16:43:32 VN Time (UTC+7)"
"Node.js","24.14.1","Node.js Foundation","C:\Program Files\nodejs","2026/04/16","2026/03/24 02:46:18 VN Time (UTC+7)","2026/07/16 13:04:20 VN Time (UTC+7)","WindowsRegistryScanner (LocalMachine/Registry64) + DeepFileSystem (RAM: node.exe | Original: node.exe)","OpenSource","MIT License","Medium","False",1,"Evaluated via open source artifact and keyword matching. Verified: False.","std.opensource.artifact","2026/07/16 16:43:32 VN Time (UTC+7)"
"Microsoft Visual C++ 2010  x64 Redistributable - 10.0.40219","10.0.40219","Microsoft Corporation","","2026/03/06","","","WindowsRegistryScanner (LocalMachine/Registry64)","Freeware","Microsoft Runtime & Redistributable EULA","Medium","False",1,"Verifies Microsoft system runtimes, SDKs, redistributable C++ libraries, and database drivers.","std.microsoft.runtimes","2026/07/16 16:43:32 VN Time (UTC+7)"
"ROG Live Service","3.5.8.0","ASUSTek COMPUTER INC.","","2026/07/15","","","WindowsRegistryScanner (LocalMachine/Registry64)","Freeware","Hardware Companion / OEM Bundled Software License","Medium","False",1,"Identifies motherboard, RGB lighting, peripheral control, and desktop utilities.","std.hardware.oem","2026/07/16 16:43:32 VN Time (UTC+7)"
"Microsoft ODBC Driver 18 for SQL Server","18.6.1.1","Microsoft Corporation","","2026/03/24","","","WindowsRegistryScanner (LocalMachine/Registry64)","Freeware","Microsoft Runtime & Redistributable EULA","Medium","False",1,"Verifies Microsoft system runtimes, SDKs, redistributable C++ libraries, and database drivers.","std.microsoft.runtimes","2026/07/16 16:43:32 VN Time (UTC+7)"
"Microsoft OLE DB Driver for SQL Server","18.7.4.0","Microsoft Corporation","","2026/04/18","","","WindowsRegistryScanner (LocalMachine/Registry64)","Freeware","Microsoft Runtime & Redistributable EULA","Medium","False",1,"Verifies Microsoft system runtimes, SDKs, redistributable C++ libraries, and database drivers.","std.microsoft.runtimes","2026/07/16 16:43:32 VN Time (UTC+7)"
"Paradox Launcher v2","2.4.0","Paradox Interactive","","2026/03/06","","","WindowsRegistryScanner (LocalMachine/Registry64)","Freeware","Free Client Launcher / Platform Service EULA","Medium","False",1,"Analyzes digital distribution clients, launchers, and licensed entertainment software.","std.gaming.ecosystem","2026/07/16 16:43:32 VN Time (UTC+7)"
"Intel(R) Computing Improvement Program","2.4.11219","Intel Corporation","","2026/07/14","","","WindowsRegistryScanner (LocalMachine/Registry64)","Freeware","Freeware / Browser Terms of Service","Medium","False",1,"Identifies web navigation clients, open source database tools, and desktop input utilities.","std.browsers.tools","2026/07/16 16:43:32 VN Time (UTC+7)"
"Microsoft MPI (10.1.12498.18)","10.1.12498.18","Microsoft Corporation","C:\Program Files\Microsoft MPI\","2026/03/24","2026/03/24 08:23:43 UTC","","WindowsRegistryScanner (LocalMachine/Registry64)","Freeware","Microsoft Runtime & Redistributable EULA","Medium","False",1,"Verifies Microsoft system runtimes, SDKs, redistributable C++ libraries, and database drivers.","std.microsoft.runtimes","2026/07/16 16:43:32 VN Time (UTC+7)"
"Aura Wallpaper Service","2.2.3.0","ASUSTeK COMPUTER INC.","","2026/07/15","","","WindowsRegistryScanner (LocalMachine/Registry64)","Freeware","Hardware Companion / OEM Bundled Software License","Medium","False",1,"Identifies motherboard, RGB lighting, peripheral control, and desktop utilities.","std.hardware.oem","2026/07/16 16:43:32 VN Time (UTC+7)"
"Microsoft VSS Writer for SQL Server 2022","16.0.1000.6","Microsoft Corporation","","2026/05/16","","","WindowsRegistryScanner (LocalMachine/Registry64)","Commercial","Microsoft SQL Server Commercial License","Medium","False",1,"Verified via SQL Server engine binary presence and edition naming.","std.microsoft.sqlserver","2026/07/16 16:43:32 VN Time (UTC+7)"
"Microsoft OLE DB Driver 19 for SQL Server","19.4.1.0","Microsoft Corporation","","2026/03/24","","","WindowsRegistryScanner (LocalMachine/Registry64)","Freeware","Microsoft Runtime & Redistributable EULA","Medium","False",1,"Verifies Microsoft system runtimes, SDKs, redistributable C++ libraries, and database drivers.","std.microsoft.runtimes","2026/07/16 16:43:32 VN Time (UTC+7)"
"NVIDIA Graphics Driver 610.47","610.47","NVIDIA Corporation","C:\Program Files\NVIDIA Corporation\Installer2\Display.Driver.{5836CE95-D7C8-43CB-B4E6-85F3674B6BD3}","2026/06/03","2026/06/02 19:40:02 UTC","","WindowsRegistryScanner (LocalMachine/Registry64)","Freeware","NVIDIA Software License Agreement (Driver / Companion App)","High","True",1,"Verifies NVIDIA consumer graphics drivers, control applications, and streaming clients.","std.nvidia.consumer","2026/07/16 16:43:32 VN Time (UTC+7)"
"NVIDIA App 11.0.7.247","11.0.7.247","NVIDIA Corporation","C:\Program Files\NVIDIA Corporation\Installer2\Display.NvApp.{8F9E8F0B-DED9-44D9-B92A-BACEC6DBE6C0}","2026/05/02","2026/05/02 01:17:02 UTC","","WindowsRegistryScanner (LocalMachine/Registry64)","Freeware","NVIDIA Software License Agreement (Driver / Companion App)","High","True",1,"Verifies NVIDIA consumer graphics drivers, control applications, and streaming clients.","std.nvidia.consumer","2026/07/16 16:43:32 VN Time (UTC+7)"
"NVIDIA PhysX System Software 9.23.1019","9.23.1019","NVIDIA Corporation","C:\Program Files (x86)\NVIDIA Corporation\PhysX","2025/12/14","2025/12/13 18:19:33 UTC","","WindowsRegistryScanner (LocalMachine/Registry64)","Freeware","NVIDIA Software License Agreement (Driver / Companion App)","Medium","False",1,"Verifies NVIDIA consumer graphics drivers, control applications, and streaming clients.","std.nvidia.consumer","2026/07/16 16:43:32 VN Time (UTC+7)"
"NVIDIA FrameView SDK 1.7.12227.37421622","1.7.12227.37421622","NVIDIA Corporation","C:\Program Files\NVIDIA Corporation\FrameViewSDK","2026/05/02","2026/04/24 07:15:53 UTC","","WindowsRegistryScanner (LocalMachine/Registry64)","Freeware","NVIDIA Software License Agreement (Driver / Companion App)","Medium","False",1,"Verifies NVIDIA consumer graphics drivers, control applications, and streaming clients.","std.nvidia.consumer","2026/07/16 16:43:32 VN Time (UTC+7)"
"NVIDIA HD Audio Driver 1.4.5.7","1.4.5.7","NVIDIA Corporation","C:\Program Files\NVIDIA Corporation\Installer2\HDAudio.Driver.{5016C912-AAF4-464C-8D0C-15850FB54EDA}","2026/06/03","2026/06/02 19:40:07 UTC","","WindowsRegistryScanner (LocalMachine/Registry64)","Freeware","NVIDIA Software License Agreement (Driver / Companion App)","High","True",1,"Verifies NVIDIA consumer graphics drivers, control applications, and streaming clients.","std.nvidia.consumer","2026/07/16 16:43:32 VN Time (UTC+7)"
"NVIDIA USBC Driver 1.52.831.832","1.52.831.832","NVIDIA Corporation","C:\Program Files\NVIDIA Corporation\Installer2\USBC.{03D97859-80D7-4965-82A2-CB226E979B77}","2026/06/03","2026/06/02 19:40:14 UTC","","WindowsRegistryScanner (LocalMachine/Registry64)","Freeware","NVIDIA Software License Agreement (Driver / Companion App)","High","True",1,"Verifies NVIDIA consumer graphics drivers, control applications, and streaming clients.","std.nvidia.consumer","2026/07/16 16:43:32 VN Time (UTC+7)"
"Microsoft SQL Server 2022 Setup (English)","16.0.1180.1","Microsoft Corporation","","2026/05/16","","","WindowsRegistryScanner (LocalMachine/Registry64)","Commercial","Microsoft SQL Server Commercial License","Medium","False",1,"Verified via SQL Server engine binary presence and edition naming.","std.microsoft.sqlserver","2026/07/16 16:43:32 VN Time (UTC+7)"
"Cloudflare One Client","26.4.1350.0","Cloudflare, Inc.","","2026/05/12","","","WindowsRegistryScanner (LocalMachine/Registry64)","Freeware","Client Application / Service Terms of Use","Medium","False",1,"Verifies desktop messaging, cloud synchronization, and remote assistance client tools.","std.comm.collaborate","2026/07/16 16:43:32 VN Time (UTC+7)"
"Epic Games Launcher","1.3.161.0","Epic Games, Inc.","C:\Program Files\Epic Games\","2025/12/14","2025/12/13 18:32:35 UTC","","WindowsRegistryScanner (LocalMachine/Registry64)","Freeware","Free Client Launcher / Platform Service EULA","Medium","False",1,"Analyzes digital distribution clients, launchers, and licensed entertainment software.","std.gaming.ecosystem","2026/07/16 16:43:32 VN Time (UTC+7)"
"Virtual Assistant","4.3.5","ASUS","","2025/12/14","","","WindowsRegistryScanner (LocalMachine/Registry64)","Freeware","Client Application / Service Terms of Use","Medium","False",1,"Verifies desktop messaging, cloud synchronization, and remote assistance client tools.","std.comm.collaborate","2026/07/16 16:43:32 VN Time (UTC+7)"
"IIS 10.0 Express","10.0.11304","Microsoft Corporation","","2026/05/23","","","WindowsRegistryScanner (LocalMachine/Registry64)","Freeware","Microsoft Runtime & Redistributable EULA","Medium","False",1,"Verifies Microsoft system runtimes, SDKs, redistributable C++ libraries, and database drivers.","std.microsoft.runtimes","2026/07/16 16:43:32 VN Time (UTC+7)"
"AURA lighting effect add-on x64","0.0.60","ASUSTek COMPUTER INC.","","2026/07/15","","","WindowsRegistryScanner (LocalMachine/Registry64)","Freeware","Hardware Companion / OEM Bundled Software License","Medium","False",1,"Identifies motherboard, RGB lighting, peripheral control, and desktop utilities.","std.hardware.oem","2026/07/16 16:43:32 VN Time (UTC+7)"
"Microsoft Web Deploy 4.0","10.0.9419","Microsoft Corporation","","2026/03/24","","","WindowsRegistryScanner (LocalMachine/Registry64)","Freeware","Microsoft Runtime & Redistributable EULA","Medium","False",1,"Verifies Microsoft system runtimes, SDKs, redistributable C++ libraries, and database drivers.","std.microsoft.runtimes","2026/07/16 16:43:32 VN Time (UTC+7)"
"Microsoft SQL Server 2019 LocalDB","15.0.4382.1","Microsoft Corporation","","2026/04/01","","","WindowsRegistryScanner (LocalMachine/Registry64)","Commercial","Microsoft SQL Server Commercial License","Medium","False",1,"Verified via SQL Server engine binary presence and edition naming.","std.microsoft.sqlserver","2026/07/16 16:43:32 VN Time (UTC+7)"
"Microsoft SQL Server 2025 LocalDB","17.0.4025.3","Microsoft Corporation","","2026/05/23","","","WindowsRegistryScanner (LocalMachine/Registry64)","Commercial","Microsoft SQL Server Commercial License","Medium","False",1,"Verified via SQL Server engine binary presence and edition naming.","std.microsoft.sqlserver","2026/07/16 16:43:32 VN Time (UTC+7)"
"Wuthering Waves","2.6.3.0","Guangzhou Kuro Technology Co., Ltd","","","","","WindowsRegistryScanner (LocalMachine/Registry32)","Commercial","Commercial Digital Game License (Steam / Epic / Store)","Medium","False",1,"Analyzes digital distribution clients, launchers, and licensed entertainment software.","std.gaming.ecosystem","2026/07/16 16:43:32 VN Time (UTC+7)"
"LDPlayer 9","9.5.19.0","JUST OKAY LIMITED","","","","","WindowsRegistryScanner (LocalMachine/Registry32)","Freeware","Freeware / Browser Terms of Service","Medium","False",1,"Identifies web navigation clients, open source database tools, and desktop input utilities.","std.browsers.tools","2026/07/16 16:43:32 VN Time (UTC+7)"
"Microsoft Edge","148.0.3967.70","Microsoft Corporation","C:\Program Files (x86)\Microsoft\Edge\Application","2026/05/17","2026/05/15 07:59:46 UTC","2026/07/16 09:53:29 VN Time (UTC+7)","WindowsRegistryScanner (LocalMachine/Registry32) + DeepFileSystem (RAM: msedge.exe | Original: msedge.exe)","Freeware","Chromium Based Freeware Terms of Service","High","True",1,"Identifies web navigation clients, open source database tools, and desktop input utilities.","std.browsers.tools","2026/07/16 16:43:32 VN Time (UTC+7)"
"Overwolf","0.304.1.1","Overwolf Ltd.","C:\Program Files (x86)\Overwolf\","","2026/07/14 07:58:10 UTC","","WindowsRegistryScanner (LocalMachine/Registry32)","Freeware","Free Client Launcher / Platform Service EULA","Medium","False",1,"Analyzes digital distribution clients, launchers, and licensed entertainment software.","std.gaming.ecosystem","2026/07/16 16:43:32 VN Time (UTC+7)"
"Rockstar Games Launcher","1.0.107.2944","Rockstar Games","E:\Launcher","","2026/07/11 06:23:06 UTC","","WindowsRegistryScanner (LocalMachine/Registry32)","Freeware","Free Client Launcher / Platform Service EULA","Medium","False",1,"Analyzes digital distribution clients, launchers, and licensed entertainment software.","std.gaming.ecosystem","2026/07/16 16:43:32 VN Time (UTC+7)"
"Rockstar Games SDK","2.4.0.216","Rockstar Games","","","","","WindowsRegistryScanner (LocalMachine/Registry32)","Freeware","Game Client / Launcher EULA","Medium","False",1,"Analyzes digital distribution clients, launchers, and licensed entertainment software.","std.gaming.ecosystem","2026/07/16 16:43:32 VN Time (UTC+7)"
"Steam","2.10.91.91","Valve Corporation","","","","","WindowsRegistryScanner (LocalMachine/Registry32)","Freeware","Free Client Launcher / Platform Service EULA","Medium","False",1,"Analyzes digital distribution clients, launchers, and licensed entertainment software.","std.gaming.ecosystem","2026/07/16 16:43:32 VN Time (UTC+7)"
"Intel(R) Wireless Bluetooth(R)","24.30.1.1","Intel Corporation","C:\Program Files (x86)\Intel\","2026/03/25","2026/07/14 16:25:33 UTC","","WindowsRegistryScanner (LocalMachine/Registry32)","Freeware","Freeware / Browser Terms of Service","Medium","False",1,"Identifies web navigation clients, open source database tools, and desktop input utilities.","std.browsers.tools","2026/07/16 16:43:32 VN Time (UTC+7)"
"AOMEI Partition Assistant 10.10.1","10.10.1","AOMEI International Network Limited.","C:\Program Files (x86)\AOMEI Partition Assistant\","2026/06/03","2025/08/03 07:00:00 UTC","","WindowsRegistryScanner (LocalMachine/Registry32)","Commercial","Commercial Desktop / Utility License","High","True",1,"Identifies motherboard, RGB lighting, peripheral control, and desktop utilities.","std.hardware.oem","2026/07/16 16:43:32 VN Time (UTC+7)"
"Intel® Driver & Support Assistant","26.2.0.7","Intel","","2026/07/14","","","WindowsRegistryScanner (LocalMachine/Registry32)","Freeware","Freeware / Browser Terms of Service","Medium","False",1,"Identifies web navigation clients, open source database tools, and desktop input utilities.","std.browsers.tools","2026/07/16 16:43:32 VN Time (UTC+7)"
"Microsoft Visual C++ 2013 Redistributable (x64) - 12.0.30501","12.0.30501.0","Microsoft Corporation","","","","","WindowsRegistryScanner (LocalMachine/Registry32)","Freeware","Microsoft Runtime & Redistributable EULA","Medium","False",1,"Verifies Microsoft system runtimes, SDKs, redistributable C++ libraries, and database drivers.","std.microsoft.runtimes","2026/07/16 16:43:32 VN Time (UTC+7)"
"Microsoft Visual C++ v14 Redistributable (x64) - 14.51.36247","14.51.36247.0","Microsoft Corporation","","","","","WindowsRegistryScanner (LocalMachine/Registry32)","Freeware","Microsoft Runtime & Redistributable EULA","Medium","False",1,"Verifies Microsoft system runtimes, SDKs, redistributable C++ libraries, and database drivers.","std.microsoft.runtimes","2026/07/16 16:43:32 VN Time (UTC+7)"
"vs_CoreEditorFonts","17.7.40001","Microsoft Corporation","","2026/02/24","","","WindowsRegistryScanner (LocalMachine/Registry32)","OpenSource","MIT License (.NET Foundation / Microsoft Open Source)","Medium","False",1,"Verifies Microsoft system runtimes, SDKs, redistributable C++ libraries, and database drivers.","std.microsoft.runtimes","2026/07/16 16:43:32 VN Time (UTC+7)"
"AURA lighting effect add-on","0.0.60","ASUSTek COMPUTER INC.","","2026/07/15","","","WindowsRegistryScanner (LocalMachine/Registry32)","Freeware","Hardware Companion / OEM Bundled Software License","Medium","False",1,"Identifies motherboard, RGB lighting, peripheral control, and desktop utilities.","std.hardware.oem","2026/07/16 16:43:32 VN Time (UTC+7)"
"Microsoft .NET SDK 10.0.109 (x64)","10.1.926.27113","Microsoft Corporation","","2026/06/30","","","WindowsRegistryScanner (LocalMachine/Registry32)","OpenSource","MIT License (.NET Foundation / Microsoft Open Source)","Medium","False",1,"Verifies Microsoft system runtimes, SDKs, redistributable C++ libraries, and database drivers.","std.microsoft.runtimes","2026/07/16 16:43:32 VN Time (UTC+7)"
"Radmin VPN 2.0.9","2.0.4899.9","Famatech","C:\Program Files (x86)\Radmin VPN\","2026/05/23","2025/09/02 10:17:12 UTC","","WindowsRegistryScanner (LocalMachine/Registry32)","Freeware","Client Application / Service Terms of Use","High","True",1,"Verifies desktop messaging, cloud synchronization, and remote assistance client tools.","std.comm.collaborate","2026/07/16 16:43:32 VN Time (UTC+7)"
"ASUS Framework Service","4.2.4.13","ASUSTeK Computer Inc.","C:\Program Files (x86)\ASUS\ArmouryDevice","2026/04/17","2026/01/13 10:14:50 UTC","","WindowsRegistryScanner (LocalMachine/Registry32)","OpenSource","MIT License","Verified","True",1,"Evaluated via open source artifact and keyword matching. Verified: True.","std.opensource.artifact","2026/07/16 16:43:32 VN Time (UTC+7)"
"ASUS Framework Service","4.2.4.13","ASUSTeK Computer Inc.","C:\Program Files (x86)\ASUS\ArmouryDevice","2026/04/17","2026/01/13 10:14:50 UTC","","WindowsRegistryScanner (LocalMachine/Registry32)","Freeware","Hardware Companion / OEM Bundled Software License","High","True",1,"Identifies motherboard, RGB lighting, peripheral control, and desktop utilities.","std.hardware.oem","2026/07/16 16:43:32 VN Time (UTC+7)"
"Microsoft Visual C++ 2012 Redistributable (x86) - 11.0.61030","11.0.61030.0","Microsoft Corporation","","","","","WindowsRegistryScanner (LocalMachine/Registry32)","Freeware","Microsoft Runtime & Redistributable EULA","Medium","False",1,"Verifies Microsoft system runtimes, SDKs, redistributable C++ libraries, and database drivers.","std.microsoft.runtimes","2026/07/16 16:43:32 VN Time (UTC+7)"
"Epic Online Services","4.1.0","Epic Games, Inc.","","2025/12/14","","","WindowsRegistryScanner (LocalMachine/Registry32)","Freeware","Game Client / Launcher EULA","Medium","False",1,"Analyzes digital distribution clients, launchers, and licensed entertainment software.","std.gaming.ecosystem","2026/07/16 16:43:32 VN Time (UTC+7)"
"Microsoft Windows Desktop Runtime - 8.0.28 (x86)","8.0.28.36119","Microsoft Corporation","","","","","WindowsRegistryScanner (LocalMachine/Registry32)","Freeware","Microsoft Runtime & Redistributable EULA","Medium","False",1,"Verifies Microsoft system runtimes, SDKs, redistributable C++ libraries, and database drivers.","std.microsoft.runtimes","2026/07/16 16:43:32 VN Time (UTC+7)"
"DB Browser for SQLite","3.13.1","DB Browser for SQLite Team","C:\Program Files (x86)\DB Browser for SQLite\","2026/04/14","2024/10/15 00:52:40 UTC","","WindowsRegistryScanner (LocalMachine/Registry32)","OpenSource","GPL / Apache Open Source License","High","True",1,"Identifies web navigation clients, open source database tools, and desktop input utilities.","std.browsers.tools","2026/07/16 16:43:32 VN Time (UTC+7)"
"Microsoft .NET SDK 8.0.422 (x64)","8.4.2226.27003","Microsoft Corporation","","","","","WindowsRegistryScanner (LocalMachine/Registry32)","OpenSource","MIT License (.NET Foundation / Microsoft Open Source)","Medium","False",1,"Verifies Microsoft system runtimes, SDKs, redistributable C++ libraries, and database drivers.","std.microsoft.runtimes","2026/07/16 16:43:32 VN Time (UTC+7)"
"Microsoft .NET SDK 6.0.428 (x64)","6.4.2824.52403","Microsoft Corporation","","","","","WindowsRegistryScanner (LocalMachine/Registry32)","OpenSource","MIT License (.NET Foundation / Microsoft Open Source)","Medium","False",1,"Verifies Microsoft system runtimes, SDKs, redistributable C++ libraries, and database drivers.","std.microsoft.runtimes","2026/07/16 16:43:32 VN Time (UTC+7)"
"Microsoft Visual C++ v14 Redistributable (x86) - 14.51.36247","14.51.36247.0","Microsoft Corporation","","","","","WindowsRegistryScanner (LocalMachine/Registry32)","Freeware","Microsoft Runtime & Redistributable EULA","Medium","False",1,"Verifies Microsoft system runtimes, SDKs, redistributable C++ libraries, and database drivers.","std.microsoft.runtimes","2026/07/16 16:43:32 VN Time (UTC+7)"
"Microsoft .NET Runtime - 8.0.28 (x64)","8.0.28.36114","Microsoft Corporation","","","","","WindowsRegistryScanner (LocalMachine/Registry32)","Freeware","Microsoft Runtime & Redistributable EULA","Medium","False",1,"Verifies Microsoft system runtimes, SDKs, redistributable C++ libraries, and database drivers.","std.microsoft.runtimes","2026/07/16 16:43:32 VN Time (UTC+7)"
"TUF GAMING K1","4.03.10","ASUSTek Computer Inc.","","","","","WindowsRegistryScanner (LocalMachine/Registry32)","Freeware","Hardware Companion / OEM Bundled Software License","Medium","False",1,"Identifies motherboard, RGB lighting, peripheral control, and desktop utilities.","std.hardware.oem","2026/07/16 16:43:32 VN Time (UTC+7)"
"GameSDK Service","1.0.6.0","ASUSTek COMPUTER INC.","","","","","WindowsRegistryScanner (LocalMachine/Registry32)","Freeware","Game Client / Launcher EULA","Medium","False",1,"Analyzes digital distribution clients, launchers, and licensed entertainment software.","std.gaming.ecosystem","2026/07/16 16:43:32 VN Time (UTC+7)"
"GameSDK Service","1.0.6.0","ASUSTek COMPUTER INC.","","","","","WindowsRegistryScanner (LocalMachine/Registry32)","Freeware","Hardware Companion / OEM Bundled Software License","Medium","False",1,"Identifies motherboard, RGB lighting, peripheral control, and desktop utilities.","std.hardware.oem","2026/07/16 16:43:32 VN Time (UTC+7)"
"inphic driver","1.0","inphic","C:\Program Files (x86)\inphic driver\","2026/03/06","","","WindowsRegistryScanner (LocalMachine/Registry32)","Freeware","Hardware Companion / OEM Bundled Software License","Medium","False",1,"Identifies motherboard, RGB lighting, peripheral control, and desktop utilities.","std.hardware.oem","2026/07/16 16:43:32 VN Time (UTC+7)"
"AURA Service","3.10.10","ASUSTeK COMPUTER INC.","","","","","WindowsRegistryScanner (LocalMachine/Registry32)","Freeware","Hardware Companion / OEM Bundled Software License","Medium","False",1,"Identifies motherboard, RGB lighting, peripheral control, and desktop utilities.","std.hardware.oem","2026/07/16 16:43:32 VN Time (UTC+7)"
"Microsoft Visual C++ 2012 Redistributable (x64) - 11.0.61030","11.0.61030.0","Microsoft Corporation","","","","","WindowsRegistryScanner (LocalMachine/Registry32)","Freeware","Microsoft Runtime & Redistributable EULA","Medium","False",1,"Verifies Microsoft system runtimes, SDKs, redistributable C++ libraries, and database drivers.","std.microsoft.runtimes","2026/07/16 16:43:32 VN Time (UTC+7)"
"Microsoft .NET Runtime - 8.0.21 (x64)","8.0.21.35325","Microsoft Corporation","","","","","WindowsRegistryScanner (LocalMachine/Registry32)","Freeware","Microsoft Runtime & Redistributable EULA","Medium","False",1,"Verifies Microsoft system runtimes, SDKs, redistributable C++ libraries, and database drivers.","std.microsoft.runtimes","2026/07/16 16:43:32 VN Time (UTC+7)"
"INPHIC","1.0.1.16","Unknown Publisher","C:\Program Files (x86)\INPHIC HUB\","2026/03/06","","","WindowsRegistryScanner (LocalMachine/Registry32)","Freeware","Hardware Companion / OEM Bundled Software License","Medium","False",1,"Identifies motherboard, RGB lighting, peripheral control, and desktop utilities.","std.hardware.oem","2026/07/16 16:43:32 VN Time (UTC+7)"
"Microsoft XNA Framework Redistributable 4.0 Refresh","4.0.30901.0","Microsoft Corporation","","2026/05/20","","","WindowsRegistryScanner (LocalMachine/Registry32)","Freeware","Microsoft Runtime & Redistributable EULA","Medium","False",1,"Verifies Microsoft system runtimes, SDKs, redistributable C++ libraries, and database drivers.","std.microsoft.runtimes","2026/07/16 16:43:32 VN Time (UTC+7)"
"UltraViewer phiên bản 6.6.124","6.6.124","DucFabulous","C:\UltraViewer\","2026/03/19","2025/02/10 14:54:18 UTC","","WindowsRegistryScanner (LocalMachine/Registry32)","Freeware","Client Application / Service Terms of Use","High","True",1,"Verifies desktop messaging, cloud synchronization, and remote assistance client tools.","std.comm.collaborate","2026/07/16 16:43:32 VN Time (UTC+7)"
"Microsoft Visual C++ 2010  x86 Redistributable - 10.0.40219","10.0.40219","Microsoft Corporation","","2026/03/06","","","WindowsRegistryScanner (LocalMachine/Registry32)","Freeware","Microsoft Runtime & Redistributable EULA","Medium","False",1,"Verifies Microsoft system runtimes, SDKs, redistributable C++ libraries, and database drivers.","std.microsoft.runtimes","2026/07/16 16:43:32 VN Time (UTC+7)"
"Microsoft ASP.NET Core 8.0.28 - Shared Framework (x86)","8.0.28.26269","Microsoft Corporation","","","","","WindowsRegistryScanner (LocalMachine/Registry32)","Freeware","Microsoft Runtime & Redistributable EULA","Medium","False",1,"Verifies Microsoft system runtimes, SDKs, redistributable C++ libraries, and database drivers.","std.microsoft.runtimes","2026/07/16 16:43:32 VN Time (UTC+7)"
"Aura Wallpaper HTML","2.2.3.0","ASUSTek Computer Inc.","","","","","WindowsRegistryScanner (LocalMachine/Registry32)","Freeware","Hardware Companion / OEM Bundled Software License","Medium","False",1,"Identifies motherboard, RGB lighting, peripheral control, and desktop utilities.","std.hardware.oem","2026/07/16 16:43:32 VN Time (UTC+7)"
"Browser for SQL Server 2022","16.0.1000.6","Microsoft Corporation","","2026/05/16","","","WindowsRegistryScanner (LocalMachine/Registry32)","Commercial","Microsoft SQL Server Commercial License","Medium","False",1,"Verified via SQL Server engine binary presence and edition naming.","std.microsoft.sqlserver","2026/07/16 16:43:32 VN Time (UTC+7)"
"OP.GG 2.5.1","2.5.1","OP.GG","","","","","WindowsRegistryScanner (CurrentUser/Default)","Freeware","Freeware / Browser Terms of Service","Medium","False",1,"Identifies web navigation clients, open source database tools, and desktop input utilities.","std.browsers.tools","2026/07/16 16:43:32 VN Time (UTC+7)"
"DBeaver 26.1.2 (current user)","26.1.2","DBeaver Corp","","","","","WindowsRegistryScanner (CurrentUser/Default)","OpenSource","GPL / Apache Open Source License","Medium","False",1,"Identifies web navigation clients, open source database tools, and desktop input utilities.","std.browsers.tools","2026/07/16 16:43:32 VN Time (UTC+7)"
"Discord","1.0.9247","Discord Inc.","C:\Users\admin\AppData\Local\Discord","2026/48/16","2026/05/11 09:46:10 UTC","2026/07/16 09:52:50 VN Time (UTC+7)","WindowsRegistryScanner (CurrentUser/Default) + DeepFileSystem (RAM: Discord.exe | Original: Discord.exe)","Freeware","Freeware / Community Client EULA","High","True",1,"Verifies desktop messaging, cloud synchronization, and remote assistance client tools.","std.comm.collaborate","2026/07/16 16:43:32 VN Time (UTC+7)"
"Zalo 26.06.11","26.06.11","VNG Corp.","","2026/06/16","","","WindowsRegistryScanner (CurrentUser/Default)","Freeware","Freeware / Community Client EULA","Medium","False",1,"Verifies desktop messaging, cloud synchronization, and remote assistance client tools.","std.comm.collaborate","2026/07/16 16:43:32 VN Time (UTC+7)"
"Figma","126.2.9","Figma, Inc.","C:\Users\admin\AppData\Local\Figma","2026/03/24","2026/03/24 08:34:38 UTC","","WindowsRegistryScanner (CurrentUser/Default)","Commercial","Figma Commercial Organization / Enterprise License","Medium","False",1,"Identified Figma desktop client tied to cloud organization seat management.","std.figma.design","2026/07/16 16:43:32 VN Time (UTC+7)"
"Figma Agent","126.6.10","Figma, Inc.","","","","","WindowsRegistryScanner (CurrentUser/Default)","Commercial","Figma Commercial Organization / Enterprise License","Medium","False",1,"Identified Figma desktop client tied to cloud organization seat management.","std.figma.design","2026/07/16 16:43:32 VN Time (UTC+7)"
"Google Chrome","150.0.7871.116","Google LLC","C:\Users\admin\AppData\Local\Google\Chrome\Application","2026/07/15","2026/07/07 23:14:27 UTC","","WindowsRegistryScanner (CurrentUser/Default)","Freeware","Chromium Based Freeware Terms of Service","High","True",1,"Identifies web navigation clients, open source database tools, and desktop input utilities.","std.browsers.tools","2026/07/16 16:43:32 VN Time (UTC+7)"
"TFTactics","1.18.0","Overwolf app","","2026/07/16","","","WindowsRegistryScanner (CurrentUser/Default)","Freeware","Game Client / Launcher EULA","Medium","False",1,"Analyzes digital distribution clients, launchers, and licensed entertainment software.","std.gaming.ecosystem","2026/07/16 16:43:32 VN Time (UTC+7)"
"Travel Guide","6.7.1","Overwolf app","","2026/06/21","","","WindowsRegistryScanner (CurrentUser/Default)","Freeware","Game Client / Launcher EULA","Medium","False",1,"Analyzes digital distribution clients, launchers, and licensed entertainment software.","std.gaming.ecosystem","2026/07/16 16:43:32 VN Time (UTC+7)"
"Travel Guide","6.7.1","Overwolf app","","2026/06/21","","","WindowsRegistryScanner (CurrentUser/Default)","Freeware","Freeware / Browser Terms of Service","Medium","False",1,"Identifies web navigation clients, open source database tools, and desktop input utilities.","std.browsers.tools","2026/07/16 16:43:32 VN Time (UTC+7)"
"Postman x64 12.4.2","12.4.2","Postman","C:\Users\admin\AppData\Local\Postman","2026/03/31","2026/03/31 08:14:34 UTC","","WindowsRegistryScanner (CurrentUser/Default)","Commercial","Postman Commercial / Enterprise Subscription License","Medium","False",1,"Flagged as commercial subscription evaluation required for organizational seat usage.","std.postman.client","2026/07/16 16:43:32 VN Time (UTC+7)"
"Python 3.14.6","3.14-64","Python Software Foundation","C:\Users\admin\AppData\Local\Python\pythoncore-3.14-64","2026/06/22","2026/06/22 08:42:44 UTC","","WindowsRegistryScanner (CurrentUser/Default)","OpenSource","Python Software Foundation (PSF) License","Verified","True",1,"Verified via standard Python distribution naming conventions.","std.python.runtime","2026/07/16 16:43:32 VN Time (UTC+7)"
"Python 3.14.6","3.14-64","Python Software Foundation","C:\Users\admin\AppData\Local\Python\pythoncore-3.14-64","2026/06/22","2026/06/22 08:42:44 UTC","","WindowsRegistryScanner (CurrentUser/Default)","OpenSource","Open Source License","Verified","True",1,"Evaluated via open source artifact and keyword matching. Verified: True.","std.opensource.artifact","2026/07/16 16:43:32 VN Time (UTC+7)"
"Liên Minh Huyền Thoại","Unknown","Riot Games, Inc","E:/game/Riot Games/League of Legends","","2026/06/29 14:38:00 UTC","","WindowsRegistryScanner (CurrentUser/Default)","Freeware","Game Client / Launcher EULA","Medium","False",1,"Analyzes digital distribution clients, launchers, and licensed entertainment software.","std.gaming.ecosystem","2026/07/16 16:43:32 VN Time (UTC+7)"
"Riot Client","Unknown","Riot Games, Inc","E:/game/Riot Games/Riot Client","","2026/06/03 03:50:44 UTC","","WindowsRegistryScanner (CurrentUser/Default)","Freeware","Free Client Launcher / Platform Service EULA","Medium","False",1,"Analyzes digital distribution clients, launchers, and licensed entertainment software.","std.gaming.ecosystem","2026/07/16 16:43:32 VN Time (UTC+7)"
"Google","1.0.13.0","Google","C:\Users\admin\AppData\Local\Google\Google","","2026/07/13 18:39:46 UTC","","WindowsRegistryScanner (CurrentUser/Default)","Freeware","Freeware / Browser Terms of Service","High","True",1,"Identifies web navigation clients, open source database tools, and desktop input utilities.","std.browsers.tools","2026/07/16 16:43:32 VN Time (UTC+7)"
"Antigravity IDE (User)","2.1.1","Google","C:\Users\admin\AppData\Local\Programs\Antigravity IDE\","2026/06/29","2026/06/17 16:22:16 UTC","","WindowsRegistryScanner (CurrentUser/Default)","Freeware","Freeware / Browser Terms of Service","High","True",1,"Identifies web navigation clients, open source database tools, and desktop input utilities.","std.browsers.tools","2026/07/16 16:43:32 VN Time (UTC+7)"
"NVIDIA GeForce NOW 2.0.83.130","2.0.83.130","NVIDIA Corporation","C:\Users\admin\AppData\Local\NVIDIA Corporation\Installer2\GeForceNOW.{8DF3678D-DB1A-4333-8807-C44425E111AA}","2026/04/15","2026/04/15 04:56:36 UTC","","WindowsRegistryScanner (CurrentUser/Default)","Freeware","NVIDIA GeForce NOW Cloud Gaming Terms of Service","High","True",1,"Verifies NVIDIA consumer graphics drivers, control applications, and streaming clients.","std.nvidia.consumer","2026/07/16 16:43:32 VN Time (UTC+7)"
"Microsoft® Windows® GameInput","3.3.221.0","Windows (R) Win 7 DDK provider","C:\Program Files\Microsoft GameInput\x64","2026/05/14","2026/05/15 00:08:18 VN Time (UTC+7)","2026/07/16 09:52:02 VN Time (UTC+7)","DeepFileSystem (RAM: GameInputRedistService.exe | Original: GameInputRedistService.exe)","Freeware","Freeware / Browser Terms of Service","High","True",1,"Identifies web navigation clients, open source database tools, and desktop input utilities.","std.browsers.tools","2026/07/16 16:43:32 VN Time (UTC+7)"
"CrossDeviceService","1.26052.99+d47faca674f8a6faf4a4ed605e6b37b2a464255c","Microsoft Corporation","C:\Program Files\WindowsApps\MicrosoftWindows.CrossDevice_1.26052.99.0_x64__cw5n1h2txyewy","2026/07/02","2026/07/03 02:16:25 VN Time (UTC+7)","2026/07/16 09:52:06 VN Time (UTC+7)","DeepFileSystem (RAM: CrossDeviceService.exe | Original: CrossDeviceService.dll)","Freeware","Client Application / Service Terms of Use","High","True",1,"Verifies desktop messaging, cloud synchronization, and remote assistance client tools.","std.comm.collaborate","2026/07/16 16:43:32 VN Time (UTC+7)"
"Microsoft® Windows® Operating System","526.15201.10.0","Microsoft Corporation","C:\Program Files\WindowsApps\MicrosoftWindows.Client.WebExperience_526.15201.50.0_x64__cw5n1h2txyewy\Dashboard","2026/07/02","2026/07/03 02:06:20 VN Time (UTC+7)","2026/07/16 09:52:06 VN Time (UTC+7)","DeepFileSystem (RAM: Widgets.exe | Original: Widgets.exe)","Freeware","Microsoft Runtime & Redistributable EULA","Medium","False",1,"Verifies Microsoft system runtimes, SDKs, redistributable C++ libraries, and database drivers.","std.microsoft.runtimes","2026/07/16 16:43:32 VN Time (UTC+7)"
"Microsoft Edge WebView2","148.0.3967.70","Microsoft Corporation","C:\Program Files (x86)\Microsoft\EdgeWebView\Application\148.0.3967.70","2026/05/17","2026/05/15 14:59:46 VN Time (UTC+7)","2026/07/16 09:52:08 VN Time (UTC+7)","DeepFileSystem (RAM: msedgewebview2.exe | Original: msedgewebview2.exe)","Freeware","Chromium Based Freeware Terms of Service","High","True",1,"Identifies web navigation clients, open source database tools, and desktop input utilities.","std.browsers.tools","2026/07/16 16:43:32 VN Time (UTC+7)"
"NVIDIA App","11.0.7.247","NVIDIA Corporation","C:\Program Files\NVIDIA Corporation\NVIDIA App\CEF","2026/05/02","2026/04/24 14:16:01 VN Time (UTC+7)","2026/07/16 09:52:08 VN Time (UTC+7)","DeepFileSystem (RAM: NVIDIA Overlay.exe | Original: NVIDIA Overlay.exe)","Freeware","NVIDIA Software License Agreement (Driver / Companion App)","High","True",1,"Verifies NVIDIA consumer graphics drivers, control applications, and streaming clients.","std.nvidia.consumer","2026/07/16 16:43:32 VN Time (UTC+7)"
"Armoury Crate","6.5.7.0","ASUSTek COMPUTER INC.","C:\Program Files\WindowsApps\B9ECED6F.ArmouryCrate_6.5.7.0_x64__qmba6cd70vzyy","2026/07/02","2026/07/03 02:06:50 VN Time (UTC+7)","2026/07/16 09:52:21 VN Time (UTC+7)","DeepFileSystem (RAM: ArmouryCrate.exe | Original: ArmouryCrate.exe)","Freeware","Hardware Companion / OEM Bundled Software License","High","True",1,"Identifies motherboard, RGB lighting, peripheral control, and desktop utilities.","std.hardware.oem","2026/07/16 16:43:32 VN Time (UTC+7)"
"ASUS NodeJS Web Framework","4.2.4.13","ASUSTeK COMPUTER INC.","C:\Program Files (x86)\ASUS\ArmouryDevice","2026/04/17","2026/01/13 17:14:50 VN Time (UTC+7)","2026/07/16 09:52:28 VN Time (UTC+7)","DeepFileSystem (RAM: asus_framework.exe | Original: asus_framework.exe)","OpenSource","MIT License","Verified","True",1,"Evaluated via open source artifact and keyword matching. Verified: True.","std.opensource.artifact","2026/07/16 16:43:32 VN Time (UTC+7)"
"ASUS NodeJS Web Framework","4.2.4.13","ASUSTeK COMPUTER INC.","C:\Program Files (x86)\ASUS\ArmouryDevice","2026/04/17","2026/01/13 17:14:50 VN Time (UTC+7)","2026/07/16 09:52:28 VN Time (UTC+7)","DeepFileSystem (RAM: asus_framework.exe | Original: asus_framework.exe)","Freeware","Hardware Companion / OEM Bundled Software License","High","True",1,"Identifies motherboard, RGB lighting, peripheral control, and desktop utilities.","std.hardware.oem","2026/07/16 16:43:32 VN Time (UTC+7)"
"Cloudflare One Client","2026.4.1350.0","com.cloudflare","C:\Program Files\Cloudflare\Cloudflare WARP","2026/05/11","2026/05/11 15:46:42 VN Time (UTC+7)","2026/07/16 09:52:30 VN Time (UTC+7)","DeepFileSystem (RAM: Cloudflare WARP.exe | Original: Cloudflare WARP.exe)","Freeware","Client Application / Service Terms of Use","High","True",1,"Verifies desktop messaging, cloud synchronization, and remote assistance client tools.","std.comm.collaborate","2026/07/16 16:43:32 VN Time (UTC+7)"
"Vanguard Tray","1.18.4-29+20260713.064847","Riot Games, Inc.","C:\Program Files\Riot Vanguard","2026/06/03","2026/07/13 14:00:06 VN Time (UTC+7)","2026/07/16 09:52:32 VN Time (UTC+7)","DeepFileSystem (RAM: vgtray.exe | Original: vgtray.exe)","Freeware","Proprietary Anti-Cheat / Security Driver EULA","Verified","True",1,"Verifies system integrity enforcement drivers and anti-tamper security platforms.","std.security.anticheat","2026/07/16 16:43:32 VN Time (UTC+7)"
"Vanguard Tray","1.18.4-29+20260713.064847","Riot Games, Inc.","C:\Program Files\Riot Vanguard","2026/06/03","2026/07/13 14:00:06 VN Time (UTC+7)","2026/07/16 09:52:32 VN Time (UTC+7)","DeepFileSystem (RAM: vgtray.exe | Original: vgtray.exe)","Freeware","Game Client / Launcher EULA","Medium","False",1,"Analyzes digital distribution clients, launchers, and licensed entertainment software.","std.gaming.ecosystem","2026/07/16 16:43:32 VN Time (UTC+7)"
"Steam","01.00.00.02","Valve Corporation","E:\steam","2026/07/16","2026/07/15 06:57:48 VN Time (UTC+7)","2026/07/16 09:52:33 VN Time (UTC+7)","DeepFileSystem (RAM: steam.exe | Original: steam.exe)","Freeware","Free Client Launcher / Platform Service EULA","High","True",1,"Analyzes digital distribution clients, launchers, and licensed entertainment software.","std.gaming.ecosystem","2026/07/16 16:43:32 VN Time (UTC+7)"
"Steam Client WebHelper","01.00.00.01","Valve Corporation","E:\steam\bin\cef\cef.win64","2026/07/16","2026/07/15 06:57:48 VN Time (UTC+7)","2026/07/16 09:52:43 VN Time (UTC+7)","DeepFileSystem (RAM: steamwebhelper.exe | Original: steamwebhelper.exe)","Freeware","Free Client Launcher / Platform Service EULA","Medium","False",1,"Analyzes digital distribution clients, launchers, and licensed entertainment software.","std.gaming.ecosystem","2026/07/16 16:43:32 VN Time (UTC+7)"
"figma_agent","126.6.10","Unknown Publisher","C:\Users\admin\AppData\Local\FigmaAgent","2026/06/25","2026/06/26 04:47:14 VN Time (UTC+7)","2026/07/16 09:53:07 VN Time (UTC+7)","DeepFileSystem (RAM: figma_agent.exe | Original: )","Commercial","Figma Commercial Organization / Enterprise License","Medium","False",1,"Identified Figma desktop client tied to cloud organization seat management.","std.figma.design","2026/07/16 16:43:32 VN Time (UTC+7)"
"OP.GG","2.5.1.0","OP.GG","C:\Users\admin\AppData\Local\Programs\OP.GG","2026/06/29","2026/07/10 14:57:12 VN Time (UTC+7)","2026/07/16 09:53:40 VN Time (UTC+7)","DeepFileSystem (RAM: OP.GG.exe | Original: )","Freeware","Freeware / Browser Terms of Service","High","True",1,"Identifies web navigation clients, open source database tools, and desktop input utilities.","std.browsers.tools","2026/07/16 16:43:32 VN Time (UTC+7)"
"Copilot","1.25121.84+9ebe80bda3d20cf7c1f95b4d84d061c2ea049968","Microsoft Corporation","C:\Program Files\WindowsApps\Microsoft.Copilot_1.25121.84.0_x64__8wekyb3d8bbwe","2026/02/10","2026/02/10 19:57:58 VN Time (UTC+7)","2026/07/16 09:54:19 VN Time (UTC+7)","DeepFileSystem (RAM: Copilot.exe | Original: Copilot.dll)","Freeware","Client Application / Service Terms of Use","High","True",1,"Verifies desktop messaging, cloud synchronization, and remote assistance client tools.","std.comm.collaborate","2026/07/16 16:43:32 VN Time (UTC+7)"
"TranslucentTB","2026.1.0.322e2b7","TranslucentTB Open Source Developers","C:\Program Files\WindowsApps\28017CharlesMilette.TranslucentTB_2026.1.0.0_x64__v826wp6bftszj","2026/03/29","2026/03/29 21:41:12 VN Time (UTC+7)","2026/07/16 09:54:36 VN Time (UTC+7)","DeepFileSystem (RAM: TranslucentTB.exe | Original: TranslucentTB.exe)","OpenSource","MIT License (TranslucentTB Open Source)","High","True",1,"Identifies motherboard, RGB lighting, peripheral control, and desktop utilities.","std.hardware.oem","2026/07/16 16:43:32 VN Time (UTC+7)"
"NGENUITY","2.38.0.0","Hewlett-Packard Development Company, L.P.","C:\Program Files\WindowsApps\33C30B79.HyperXNGenuity_5.38.0.0_x64__0a78dr3hq0pvt\Assets\Native","2026/07/02","2026/07/03 02:00:38 VN Time (UTC+7)","2026/07/16 09:54:37 VN Time (UTC+7)","DeepFileSystem (RAM: NGenuity2Helper.exe | Original: NGenuity2Helper.exe)","Freeware","Hardware Companion / OEM Bundled Software License","High","True",1,"Identifies motherboard, RGB lighting, peripheral control, and desktop utilities.","std.hardware.oem","2026/07/16 16:43:32 VN Time (UTC+7)"
"Xbox App","2606.1001.29.0","Microsoft Corporation","C:\Program Files\WindowsApps\Microsoft.GamingApp_2606.1001.29.0_x64__8wekyb3d8bbwe","2026/07/02","2026/07/03 02:12:05 VN Time (UTC+7)","2026/07/16 09:54:40 VN Time (UTC+7)","DeepFileSystem (RAM: XboxPcAppFT.exe | Original: XboxPcAppFT.exe)","Freeware","Freeware / Browser Terms of Service","High","True",1,"Identifies web navigation clients, open source database tools, and desktop input utilities.","std.browsers.tools","2026/07/16 16:43:32 VN Time (UTC+7)"
"Widgets Platform Runtime","0.5","Microsoft Corporation","C:\Program Files\WindowsApps\Microsoft.WidgetsPlatformRuntime_1.6.19.0_x64__8wekyb3d8bbwe\WidgetService","2026/07/02","2026/07/03 01:55:57 VN Time (UTC+7)","2026/07/16 09:54:47 VN Time (UTC+7)","DeepFileSystem (RAM: WidgetService.exe | Original: WidgetService.exe)","Freeware","Freeware / Browser Terms of Service","High","True",1,"Identifies web navigation clients, open source database tools, and desktop input utilities.","std.browsers.tools","2026/07/16 16:43:32 VN Time (UTC+7)"
"UniKey","4.3 RC4","unikey.org","C:\Users\admin\OneDrive\Documents","2025/12/02","2023/02/17 20:54:31 VN Time (UTC+7)","2026/07/16 09:55:43 VN Time (UTC+7)","DeepFileSystem (RAM: UniKeyNT.exe | Original: UniKeyNT.exe)","OpenSource","GPL / Apache Open Source License","High","True",1,"Identifies web navigation clients, open source database tools, and desktop input utilities.","std.browsers.tools","2026/07/16 16:43:32 VN Time (UTC+7)"
"Microsoft Phone Link","1.26052.144+70e2cda0efe805c62b60ad38215e8b1bd41d32ae","Microsoft Corporation","C:\Program Files\WindowsApps\Microsoft.YourPhone_1.26052.144.0_x64__8wekyb3d8bbwe","2026/07/02","2026/07/03 02:17:39 VN Time (UTC+7)","2026/07/16 09:56:20 VN Time (UTC+7)","DeepFileSystem (RAM: PhoneExperienceHost.exe | Original: PhoneExperienceHost.dll)","Freeware","Client Application / Service Terms of Use","High","True",1,"Verifies desktop messaging, cloud synchronization, and remote assistance client tools.","std.comm.collaborate","2026/07/16 16:43:32 VN Time (UTC+7)"
"Microsoft 365 Copilot","19.2606.58031.0","Microsoft Corporation","C:\Program Files\WindowsApps\Microsoft.MicrosoftOfficeHub_19.2606.58031.0_x64__8wekyb3d8bbwe","2026/07/02","2026/07/03 02:14:38 VN Time (UTC+7)","2026/07/16 12:37:03 VN Time (UTC+7)","DeepFileSystem (RAM: M365Copilot.exe | Original: M365Copilot.exe)","Commercial","Microsoft 365 Commercial Copilot Subscription","High","True",1,"Verifies desktop messaging, cloud synchronization, and remote assistance client tools.","std.comm.collaborate","2026/07/16 16:43:32 VN Time (UTC+7)"
"Codex","149.0.7827.197","OpenAI OpCo, LLC","C:\Program Files\WindowsApps\OpenAI.Codex_26.623.11225.0_x64__2p2nqsd0c76g0\app","2026/07/02","2026/07/03 02:21:37 VN Time (UTC+7)","2026/07/16 12:43:55 VN Time (UTC+7)","DeepFileSystem (RAM: Codex.exe | Original: chrome.exe)","Unknown","Unknown License","None","False",0,"No verification plugin claimed checking capability for this software package.","core.unknown","2026/07/16 16:43:32 VN Time (UTC+7)"
"Antigravity IDE","2.1.1","Google LLC","C:\Users\admin\AppData\Local\Programs\Antigravity IDE","2026/06/29","2026/06/17 23:22:16 VN Time (UTC+7)","2026/07/16 13:04:17 VN Time (UTC+7)","DeepFileSystem (RAM: Antigravity IDE.exe | Original: Antigravity IDE.exe)","Freeware","Freeware / Browser Terms of Service","High","True",1,"Identifies web navigation clients, open source database tools, and desktop input utilities.","std.browsers.tools","2026/07/16 16:43:32 VN Time (UTC+7)"
"Microsoft OneDrive Sync Service","26.113.0614.0004","Microsoft Corporation","C:\Program Files\Microsoft OneDrive\26.113.0614.0004","2026/07/11","2026/07/11 12:08:24 VN Time (UTC+7)","2026/07/16 14:14:57 VN Time (UTC+7)","DeepFileSystem (RAM: OneDrive.Sync.Service.exe | Original: OneDrive.Sync.Service.exe)","Freeware","Client Application / Service Terms of Use","High","True",1,"Verifies desktop messaging, cloud synchronization, and remote assistance client tools.","std.comm.collaborate","2026/07/16 16:43:32 VN Time (UTC+7)"
"Notepad","11.2605.29.0","Microsoft Corporation","C:\Program Files\WindowsApps\Microsoft.WindowsNotepad_11.2605.29.0_x64__8wekyb3d8bbwe\Notepad","2026/07/02","2026/07/03 02:29:29 VN Time (UTC+7)","2026/07/16 15:15:44 VN Time (UTC+7)","DeepFileSystem (RAM: Notepad.exe | Original: Notepad.exe)","Unknown","Unknown License","None","False",0,"No verification plugin claimed checking capability for this software package.","core.unknown","2026/07/16 16:43:32 VN Time (UTC+7)"
"PowerShell","7.6.3 SHA: 4061323c4e021bea0a08e753f13df015fed607e5+4061323c4e021bea0a08e753f13df015fed607e5","Microsoft Corporation","C:\Program Files\WindowsApps\Microsoft.PowerShell_7.6.3.0_x64__8wekyb3d8bbwe","2026/07/02","2026/07/03 01:58:37 VN Time (UTC+7)","2026/07/16 15:38:35 VN Time (UTC+7)","DeepFileSystem (RAM: pwsh.exe | Original: pwsh.dll)","OpenSource","MIT License","Verified","True",1,"Evaluated via open source artifact and keyword matching. Verified: True.","std.opensource.artifact","2026/07/16 16:43:32 VN Time (UTC+7)"
".NET","10.0.9 @Commit: 901ca941248413c79832d2fdbd709da0c4386353","Microsoft Corporation","C:\Program Files\dotnet","2026/05/20","2026/05/20 19:46:22 VN Time (UTC+7)","2026/07/16 16:03:41 VN Time (UTC+7)","DeepFileSystem (RAM: dotnet.exe | Original: .NET Host)","OpenSource","Open Source License","Verified","True",1,"Evaluated via open source artifact and keyword matching. Verified: True.","std.opensource.artifact","2026/07/16 16:43:32 VN Time (UTC+7)"
"VBCSCompiler","5.0.0-2.26270.113+901ca941248413c79832d2fdbd709da0c4386353","Microsoft Corporation","C:\Program Files\dotnet\sdk\10.0.109\Roslyn\bincore","2026/05/20","2026/05/20 20:53:46 VN Time (UTC+7)","2026/07/16 16:34:11 VN Time (UTC+7)","DeepFileSystem (RAM: VBCSCompiler.exe | Original: VBCSCompiler.dll)","Freeware","Microsoft Runtime & Redistributable EULA","Medium","False",1,"Verifies Microsoft system runtimes, SDKs, redistributable C++ libraries, and database drivers.","std.microsoft.runtimes","2026/07/16 16:43:32 VN Time (UTC+7)"
"LicenseIntelligencePlatform.Presentation.Cli","1.0.0+068b2afa2a3f85f3edd150651a9266d5a6faae13","LicenseIntelligencePlatform.Presentation.Cli","D:\source code\License-Intelligence-Platform-Docs\src\LicenseIntelligencePlatform.Presentation.Cli\bin\Release\net8.0","2026/07/16","2026/07/16 16:43:30 VN Time (UTC+7)","2026/07/16 16:43:30 VN Time (UTC+7)","DeepFileSystem (RAM: LicenseIntelligencePlatform.Presentation.Cli.exe | Original: LicenseIntelligencePlatform.Presentation.Cli.dll)","Freeware","Freeware / Browser Terms of Service","High","True",1,"Identifies web navigation clients, open source database tools, and desktop input utilities.","std.browsers.tools","2026/07/16 16:43:32 VN Time (UTC+7)"
